colour	x	y	key	showSelected1	showSelected2	fill
#4682B4	0.0685868348124923	1	1	1	covers 0	#4682B4
#4682B4	0.0685868348124923	1	1	2	covers 0	#4682B4
#4682B4	0.0685868348124923	1	1	3	covers 0	#4682B4
#4682B4	0.0685868348124923	1	1	4	covers 0	#4682B4
#4682B4	0.0685868348124923	1	1	5	covers 0	#4682B4
#4682B4	0.0685868348124923	1	1	6	covers 0	#4682B4
#4682B4	0.0685868348124923	1	1	7	covers 0	#4682B4
#4682B4	0.0685868348124923	1	1	8	covers 0	#4682B4
#4682B4	0.0685868348124923	1	1	9	covers 0	#4682B4
#4682B4	0.0685868348124923	1	1	10	covers 0	#4682B4
#4682B4	0.0685868348124923	1	1	11	covers 0	#4682B4
#4682B4	0.0685868348124923	1	1	12	covers 0	#4682B4
#4682B4	0.0685868348124923	1	1	13	covers 0	#4682B4
#4682B4	0.0685868348124923	1	1	14	covers 0	#4682B4
#4682B4	0.0685868348124923	1	1	15	covers 0	#4682B4
#4682B4	0.0685868348124923	1	1	16	covers 0	#4682B4
#4682B4	0.0685868348124923	1	1	17	covers 0	#4682B4
#4682B4	0.0685868348124923	1	1	18	covers 0	#4682B4
#4682B4	0.0685868348124923	1	1	19	covers 0	#4682B4
#4682B4	0.0685868348124923	1	1	20	covers 0	#4682B4
#4682B4	0.0685868348124923	1	1	21	covers 0	#4682B4
#4682B4	0.0685868348124923	1	1	22	covers 0	#4682B4
#4682B4	0.0685868348124923	1	1	23	covers 0	#4682B4
#4682B4	0.0685868348124923	1	1	24	covers 0	#4682B4
#4682B4	0.0685868348124923	1	1	25	covers 0	#4682B4
#4682B4	0.0685868348124923	1	1	26	covers 0	#4682B4
#4682B4	0.0685868348124923	1	1	27	covers 0	#4682B4
#4682B4	0.0685868348124923	1	1	28	covers 0	#4682B4
#4682B4	0.0685868348124923	1	1	29	covers 0	#4682B4
#4682B4	0.0685868348124923	1	1	30	covers 0	#4682B4
#4682B4	0.0685868348124923	1	1	31	covers 0	#4682B4
#4682B4	0.0685868348124923	1	1	32	covers 0	#4682B4
#4682B4	0.0685868348124923	1	1	33	covers 0	#4682B4
#4682B4	0.0685868348124923	1	1	34	covers 0	#4682B4
#4682B4	0.0685868348124923	1	1	35	covers 0	#4682B4
#4682B4	0.0685868348124923	1	1	36	covers 0	#4682B4
#4682B4	0.0685868348124923	1	1	37	covers 0	#4682B4
#4682B4	0.0685868348124923	1	1	38	covers 0	#4682B4
#4682B4	0.0685868348124923	1	1	39	covers 0	#4682B4
#4682B4	0.0685868348124923	1	1	40	covers 0	#4682B4
#4682B4	0.0685868348124923	1	1	41	covers 0	#4682B4
#4682B4	0.0685868348124923	1	1	42	covers 0	#4682B4
#4682B4	0.0685868348124923	1	1	43	covers 0	#4682B4
#4682B4	0.0685868348124923	1	1	44	covers 0	#4682B4
#4682B4	0.0685868348124923	1	1	45	covers 0	#4682B4
#4682B4	0.0685868348124923	1	1	46	covers 0	#4682B4
#4682B4	0.0685868348124923	1	1	47	covers 0	#4682B4
#4682B4	0.0685868348124923	1	1	48	covers 0	#4682B4
#4682B4	0.0685868348124923	1	1	49	covers 0	#4682B4
#4682B4	0.0685868348124923	1	1	50	covers 0	#4682B4
#4682B4	-0.121908500651654	2	2	2	covers 0	#4682B4
#4682B4	-0.121908500651654	2	2	3	covers 0	#4682B4
#4682B4	-0.121908500651654	2	2	4	covers 0	#4682B4
#4682B4	-0.121908500651654	2	2	5	covers 0	#4682B4
#4682B4	-0.121908500651654	2	2	6	covers 0	#4682B4
#4682B4	-0.121908500651654	2	2	7	covers 0	#4682B4
#4682B4	-0.121908500651654	2	2	8	covers 0	#4682B4
#4682B4	-0.121908500651654	2	2	9	covers 0	#4682B4
#4682B4	-0.121908500651654	2	2	10	covers 0	#4682B4
#4682B4	-0.121908500651654	2	2	11	covers 0	#4682B4
#4682B4	-0.121908500651654	2	2	12	covers 0	#4682B4
#4682B4	-0.121908500651654	2	2	13	covers 0	#4682B4
#4682B4	-0.121908500651654	2	2	14	covers 0	#4682B4
#4682B4	-0.121908500651654	2	2	15	covers 0	#4682B4
#4682B4	-0.121908500651654	2	2	16	covers 0	#4682B4
#4682B4	-0.121908500651654	2	2	17	covers 0	#4682B4
#4682B4	-0.121908500651654	2	2	18	covers 0	#4682B4
#4682B4	-0.121908500651654	2	2	19	covers 0	#4682B4
#4682B4	-0.121908500651654	2	2	20	covers 0	#4682B4
#4682B4	-0.121908500651654	2	2	21	covers 0	#4682B4
#4682B4	-0.121908500651654	2	2	22	covers 0	#4682B4
#4682B4	-0.121908500651654	2	2	23	covers 0	#4682B4
#4682B4	-0.121908500651654	2	2	24	covers 0	#4682B4
#4682B4	-0.121908500651654	2	2	25	covers 0	#4682B4
#4682B4	-0.121908500651654	2	2	26	covers 0	#4682B4
#4682B4	-0.121908500651654	2	2	27	covers 0	#4682B4
#4682B4	-0.121908500651654	2	2	28	covers 0	#4682B4
#4682B4	-0.121908500651654	2	2	29	covers 0	#4682B4
#4682B4	-0.121908500651654	2	2	30	covers 0	#4682B4
#4682B4	-0.121908500651654	2	2	31	covers 0	#4682B4
#4682B4	-0.121908500651654	2	2	32	covers 0	#4682B4
#4682B4	-0.121908500651654	2	2	33	covers 0	#4682B4
#4682B4	-0.121908500651654	2	2	34	covers 0	#4682B4
#4682B4	-0.121908500651654	2	2	35	covers 0	#4682B4
#4682B4	-0.121908500651654	2	2	36	covers 0	#4682B4
#4682B4	-0.121908500651654	2	2	37	covers 0	#4682B4
#4682B4	-0.121908500651654	2	2	38	covers 0	#4682B4
#4682B4	-0.121908500651654	2	2	39	covers 0	#4682B4
#4682B4	-0.121908500651654	2	2	40	covers 0	#4682B4
#4682B4	-0.121908500651654	2	2	41	covers 0	#4682B4
#4682B4	-0.121908500651654	2	2	42	covers 0	#4682B4
#4682B4	-0.121908500651654	2	2	43	covers 0	#4682B4
#4682B4	-0.121908500651654	2	2	44	covers 0	#4682B4
#4682B4	-0.121908500651654	2	2	45	covers 0	#4682B4
#4682B4	-0.121908500651654	2	2	46	covers 0	#4682B4
#4682B4	-0.121908500651654	2	2	47	covers 0	#4682B4
#4682B4	-0.121908500651654	2	2	48	covers 0	#4682B4
#4682B4	-0.121908500651654	2	2	49	covers 0	#4682B4
#4682B4	-0.121908500651654	2	2	50	covers 0	#4682B4
#4682B4	0.190769244009056	3	3	3	covers 0	#4682B4
#4682B4	0.190769244009056	3	3	4	covers 0	#4682B4
#4682B4	0.190769244009056	3	3	5	covers 0	#4682B4
#4682B4	0.190769244009056	3	3	6	covers 0	#4682B4
#4682B4	0.190769244009056	3	3	7	covers 0	#4682B4
#4682B4	0.190769244009056	3	3	8	covers 0	#4682B4
#4682B4	0.190769244009056	3	3	9	covers 0	#4682B4
#4682B4	0.190769244009056	3	3	10	covers 0	#4682B4
#4682B4	0.190769244009056	3	3	11	covers 0	#4682B4
#4682B4	0.190769244009056	3	3	12	covers 0	#4682B4
#4682B4	0.190769244009056	3	3	13	covers 0	#4682B4
#4682B4	0.190769244009056	3	3	14	covers 0	#4682B4
#4682B4	0.190769244009056	3	3	15	covers 0	#4682B4
#4682B4	0.190769244009056	3	3	16	covers 0	#4682B4
#4682B4	0.190769244009056	3	3	17	covers 0	#4682B4
#4682B4	0.190769244009056	3	3	18	covers 0	#4682B4
#4682B4	0.190769244009056	3	3	19	covers 0	#4682B4
#4682B4	0.190769244009056	3	3	20	covers 0	#4682B4
#4682B4	0.190769244009056	3	3	21	covers 0	#4682B4
#4682B4	0.190769244009056	3	3	22	covers 0	#4682B4
#4682B4	0.190769244009056	3	3	23	covers 0	#4682B4
#4682B4	0.190769244009056	3	3	24	covers 0	#4682B4
#4682B4	0.190769244009056	3	3	25	covers 0	#4682B4
#4682B4	0.190769244009056	3	3	26	covers 0	#4682B4
#4682B4	0.190769244009056	3	3	27	covers 0	#4682B4
#4682B4	0.190769244009056	3	3	28	covers 0	#4682B4
#4682B4	0.190769244009056	3	3	29	covers 0	#4682B4
#4682B4	0.190769244009056	3	3	30	covers 0	#4682B4
#4682B4	0.190769244009056	3	3	31	covers 0	#4682B4
#4682B4	0.190769244009056	3	3	32	covers 0	#4682B4
#4682B4	0.190769244009056	3	3	33	covers 0	#4682B4
#4682B4	0.190769244009056	3	3	34	covers 0	#4682B4
#4682B4	0.190769244009056	3	3	35	covers 0	#4682B4
#4682B4	0.190769244009056	3	3	36	covers 0	#4682B4
#4682B4	0.190769244009056	3	3	37	covers 0	#4682B4
#4682B4	0.190769244009056	3	3	38	covers 0	#4682B4
#4682B4	0.190769244009056	3	3	39	covers 0	#4682B4
#4682B4	0.190769244009056	3	3	40	covers 0	#4682B4
#4682B4	0.190769244009056	3	3	41	covers 0	#4682B4
#4682B4	0.190769244009056	3	3	42	covers 0	#4682B4
#4682B4	0.190769244009056	3	3	43	covers 0	#4682B4
#4682B4	0.190769244009056	3	3	44	covers 0	#4682B4
#4682B4	0.190769244009056	3	3	45	covers 0	#4682B4
#4682B4	0.190769244009056	3	3	46	covers 0	#4682B4
#4682B4	0.190769244009056	3	3	47	covers 0	#4682B4
#4682B4	0.190769244009056	3	3	48	covers 0	#4682B4
#4682B4	0.190769244009056	3	3	49	covers 0	#4682B4
#4682B4	0.190769244009056	3	3	50	covers 0	#4682B4
#4682B4	-0.0188397330078764	4	4	4	covers 0	#4682B4
#4682B4	-0.0188397330078764	4	4	5	covers 0	#4682B4
#4682B4	-0.0188397330078764	4	4	6	covers 0	#4682B4
#4682B4	-0.0188397330078764	4	4	7	covers 0	#4682B4
#4682B4	-0.0188397330078764	4	4	8	covers 0	#4682B4
#4682B4	-0.0188397330078764	4	4	9	covers 0	#4682B4
#4682B4	-0.0188397330078764	4	4	10	covers 0	#4682B4
#4682B4	-0.0188397330078764	4	4	11	covers 0	#4682B4
#4682B4	-0.0188397330078764	4	4	12	covers 0	#4682B4
#4682B4	-0.0188397330078764	4	4	13	covers 0	#4682B4
#4682B4	-0.0188397330078764	4	4	14	covers 0	#4682B4
#4682B4	-0.0188397330078764	4	4	15	covers 0	#4682B4
#4682B4	-0.0188397330078764	4	4	16	covers 0	#4682B4
#4682B4	-0.0188397330078764	4	4	17	covers 0	#4682B4
#4682B4	-0.0188397330078764	4	4	18	covers 0	#4682B4
#4682B4	-0.0188397330078764	4	4	19	covers 0	#4682B4
#4682B4	-0.0188397330078764	4	4	20	covers 0	#4682B4
#4682B4	-0.0188397330078764	4	4	21	covers 0	#4682B4
#4682B4	-0.0188397330078764	4	4	22	covers 0	#4682B4
#4682B4	-0.0188397330078764	4	4	23	covers 0	#4682B4
#4682B4	-0.0188397330078764	4	4	24	covers 0	#4682B4
#4682B4	-0.0188397330078764	4	4	25	covers 0	#4682B4
#4682B4	-0.0188397330078764	4	4	26	covers 0	#4682B4
#4682B4	-0.0188397330078764	4	4	27	covers 0	#4682B4
#4682B4	-0.0188397330078764	4	4	28	covers 0	#4682B4
#4682B4	-0.0188397330078764	4	4	29	covers 0	#4682B4
#4682B4	-0.0188397330078764	4	4	30	covers 0	#4682B4
#4682B4	-0.0188397330078764	4	4	31	covers 0	#4682B4
#4682B4	-0.0188397330078764	4	4	32	covers 0	#4682B4
#4682B4	-0.0188397330078764	4	4	33	covers 0	#4682B4
#4682B4	-0.0188397330078764	4	4	34	covers 0	#4682B4
#4682B4	-0.0188397330078764	4	4	35	covers 0	#4682B4
#4682B4	-0.0188397330078764	4	4	36	covers 0	#4682B4
#4682B4	-0.0188397330078764	4	4	37	covers 0	#4682B4
#4682B4	-0.0188397330078764	4	4	38	covers 0	#4682B4
#4682B4	-0.0188397330078764	4	4	39	covers 0	#4682B4
#4682B4	-0.0188397330078764	4	4	40	covers 0	#4682B4
#4682B4	-0.0188397330078764	4	4	41	covers 0	#4682B4
#4682B4	-0.0188397330078764	4	4	42	covers 0	#4682B4
#4682B4	-0.0188397330078764	4	4	43	covers 0	#4682B4
#4682B4	-0.0188397330078764	4	4	44	covers 0	#4682B4
#4682B4	-0.0188397330078764	4	4	45	covers 0	#4682B4
#4682B4	-0.0188397330078764	4	4	46	covers 0	#4682B4
#4682B4	-0.0188397330078764	4	4	47	covers 0	#4682B4
#4682B4	-0.0188397330078764	4	4	48	covers 0	#4682B4
#4682B4	-0.0188397330078764	4	4	49	covers 0	#4682B4
#4682B4	-0.0188397330078764	4	4	50	covers 0	#4682B4
#4682B4	-0.262310274430368	5	5	5	covers 0	#4682B4
#4682B4	-0.262310274430368	5	5	6	covers 0	#4682B4
#4682B4	-0.262310274430368	5	5	7	covers 0	#4682B4
#4682B4	-0.262310274430368	5	5	8	covers 0	#4682B4
#4682B4	-0.262310274430368	5	5	9	covers 0	#4682B4
#4682B4	-0.262310274430368	5	5	10	covers 0	#4682B4
#4682B4	-0.262310274430368	5	5	11	covers 0	#4682B4
#4682B4	-0.262310274430368	5	5	12	covers 0	#4682B4
#4682B4	-0.262310274430368	5	5	13	covers 0	#4682B4
#4682B4	-0.262310274430368	5	5	14	covers 0	#4682B4
#4682B4	-0.262310274430368	5	5	15	covers 0	#4682B4
#4682B4	-0.262310274430368	5	5	16	covers 0	#4682B4
#4682B4	-0.262310274430368	5	5	17	covers 0	#4682B4
#4682B4	-0.262310274430368	5	5	18	covers 0	#4682B4
#4682B4	-0.262310274430368	5	5	19	covers 0	#4682B4
#4682B4	-0.262310274430368	5	5	20	covers 0	#4682B4
#4682B4	-0.262310274430368	5	5	21	covers 0	#4682B4
#4682B4	-0.262310274430368	5	5	22	covers 0	#4682B4
#4682B4	-0.262310274430368	5	5	23	covers 0	#4682B4
#4682B4	-0.262310274430368	5	5	24	covers 0	#4682B4
#4682B4	-0.262310274430368	5	5	25	covers 0	#4682B4
#4682B4	-0.262310274430368	5	5	26	covers 0	#4682B4
#4682B4	-0.262310274430368	5	5	27	covers 0	#4682B4
#4682B4	-0.262310274430368	5	5	28	covers 0	#4682B4
#4682B4	-0.262310274430368	5	5	29	covers 0	#4682B4
#4682B4	-0.262310274430368	5	5	30	covers 0	#4682B4
#4682B4	-0.262310274430368	5	5	31	covers 0	#4682B4
#4682B4	-0.262310274430368	5	5	32	covers 0	#4682B4
#4682B4	-0.262310274430368	5	5	33	covers 0	#4682B4
#4682B4	-0.262310274430368	5	5	34	covers 0	#4682B4
#4682B4	-0.262310274430368	5	5	35	covers 0	#4682B4
#4682B4	-0.262310274430368	5	5	36	covers 0	#4682B4
#4682B4	-0.262310274430368	5	5	37	covers 0	#4682B4
#4682B4	-0.262310274430368	5	5	38	covers 0	#4682B4
#4682B4	-0.262310274430368	5	5	39	covers 0	#4682B4
#4682B4	-0.262310274430368	5	5	40	covers 0	#4682B4
#4682B4	-0.262310274430368	5	5	41	covers 0	#4682B4
#4682B4	-0.262310274430368	5	5	42	covers 0	#4682B4
#4682B4	-0.262310274430368	5	5	43	covers 0	#4682B4
#4682B4	-0.262310274430368	5	5	44	covers 0	#4682B4
#4682B4	-0.262310274430368	5	5	45	covers 0	#4682B4
#4682B4	-0.262310274430368	5	5	46	covers 0	#4682B4
#4682B4	-0.262310274430368	5	5	47	covers 0	#4682B4
#4682B4	-0.262310274430368	5	5	48	covers 0	#4682B4
#4682B4	-0.262310274430368	5	5	49	covers 0	#4682B4
#4682B4	-0.262310274430368	5	5	50	covers 0	#4682B4
#4682B4	-0.0168191832130558	6	6	6	covers 0	#4682B4
#4682B4	-0.0168191832130558	6	6	7	covers 0	#4682B4
#4682B4	-0.0168191832130558	6	6	8	covers 0	#4682B4
#4682B4	-0.0168191832130558	6	6	9	covers 0	#4682B4
#4682B4	-0.0168191832130558	6	6	10	covers 0	#4682B4
#4682B4	-0.0168191832130558	6	6	11	covers 0	#4682B4
#4682B4	-0.0168191832130558	6	6	12	covers 0	#4682B4
#4682B4	-0.0168191832130558	6	6	13	covers 0	#4682B4
#4682B4	-0.0168191832130558	6	6	14	covers 0	#4682B4
#4682B4	-0.0168191832130558	6	6	15	covers 0	#4682B4
#4682B4	-0.0168191832130558	6	6	16	covers 0	#4682B4
#4682B4	-0.0168191832130558	6	6	17	covers 0	#4682B4
#4682B4	-0.0168191832130558	6	6	18	covers 0	#4682B4
#4682B4	-0.0168191832130558	6	6	19	covers 0	#4682B4
#4682B4	-0.0168191832130558	6	6	20	covers 0	#4682B4
#4682B4	-0.0168191832130558	6	6	21	covers 0	#4682B4
#4682B4	-0.0168191832130558	6	6	22	covers 0	#4682B4
#4682B4	-0.0168191832130558	6	6	23	covers 0	#4682B4
#4682B4	-0.0168191832130558	6	6	24	covers 0	#4682B4
#4682B4	-0.0168191832130558	6	6	25	covers 0	#4682B4
#4682B4	-0.0168191832130558	6	6	26	covers 0	#4682B4
#4682B4	-0.0168191832130558	6	6	27	covers 0	#4682B4
#4682B4	-0.0168191832130558	6	6	28	covers 0	#4682B4
#4682B4	-0.0168191832130558	6	6	29	covers 0	#4682B4
#4682B4	-0.0168191832130558	6	6	30	covers 0	#4682B4
#4682B4	-0.0168191832130558	6	6	31	covers 0	#4682B4
#4682B4	-0.0168191832130558	6	6	32	covers 0	#4682B4
#4682B4	-0.0168191832130558	6	6	33	covers 0	#4682B4
#4682B4	-0.0168191832130558	6	6	34	covers 0	#4682B4
#4682B4	-0.0168191832130558	6	6	35	covers 0	#4682B4
#4682B4	-0.0168191832130558	6	6	36	covers 0	#4682B4
#4682B4	-0.0168191832130558	6	6	37	covers 0	#4682B4
#4682B4	-0.0168191832130558	6	6	38	covers 0	#4682B4
#4682B4	-0.0168191832130558	6	6	39	covers 0	#4682B4
#4682B4	-0.0168191832130558	6	6	40	covers 0	#4682B4
#4682B4	-0.0168191832130558	6	6	41	covers 0	#4682B4
#4682B4	-0.0168191832130558	6	6	42	covers 0	#4682B4
#4682B4	-0.0168191832130558	6	6	43	covers 0	#4682B4
#4682B4	-0.0168191832130558	6	6	44	covers 0	#4682B4
#4682B4	-0.0168191832130558	6	6	45	covers 0	#4682B4
#4682B4	-0.0168191832130558	6	6	46	covers 0	#4682B4
#4682B4	-0.0168191832130558	6	6	47	covers 0	#4682B4
#4682B4	-0.0168191832130558	6	6	48	covers 0	#4682B4
#4682B4	-0.0168191832130558	6	6	49	covers 0	#4682B4
#4682B4	-0.0168191832130558	6	6	50	covers 0	#4682B4
#4682B4	-0.14120814945484	7	7	7	covers 0	#4682B4
#4682B4	-0.14120814945484	7	7	8	covers 0	#4682B4
#4682B4	-0.14120814945484	7	7	9	covers 0	#4682B4
#4682B4	-0.14120814945484	7	7	10	covers 0	#4682B4
#4682B4	-0.14120814945484	7	7	11	covers 0	#4682B4
#4682B4	-0.14120814945484	7	7	12	covers 0	#4682B4
#4682B4	-0.14120814945484	7	7	13	covers 0	#4682B4
#4682B4	-0.14120814945484	7	7	14	covers 0	#4682B4
#4682B4	-0.14120814945484	7	7	15	covers 0	#4682B4
#4682B4	-0.14120814945484	7	7	16	covers 0	#4682B4
#4682B4	-0.14120814945484	7	7	17	covers 0	#4682B4
#4682B4	-0.14120814945484	7	7	18	covers 0	#4682B4
#4682B4	-0.14120814945484	7	7	19	covers 0	#4682B4
#4682B4	-0.14120814945484	7	7	20	covers 0	#4682B4
#4682B4	-0.14120814945484	7	7	21	covers 0	#4682B4
#4682B4	-0.14120814945484	7	7	22	covers 0	#4682B4
#4682B4	-0.14120814945484	7	7	23	covers 0	#4682B4
#4682B4	-0.14120814945484	7	7	24	covers 0	#4682B4
#4682B4	-0.14120814945484	7	7	25	covers 0	#4682B4
#4682B4	-0.14120814945484	7	7	26	covers 0	#4682B4
#4682B4	-0.14120814945484	7	7	27	covers 0	#4682B4
#4682B4	-0.14120814945484	7	7	28	covers 0	#4682B4
#4682B4	-0.14120814945484	7	7	29	covers 0	#4682B4
#4682B4	-0.14120814945484	7	7	30	covers 0	#4682B4
#4682B4	-0.14120814945484	7	7	31	covers 0	#4682B4
#4682B4	-0.14120814945484	7	7	32	covers 0	#4682B4
#4682B4	-0.14120814945484	7	7	33	covers 0	#4682B4
#4682B4	-0.14120814945484	7	7	34	covers 0	#4682B4
#4682B4	-0.14120814945484	7	7	35	covers 0	#4682B4
#4682B4	-0.14120814945484	7	7	36	covers 0	#4682B4
#4682B4	-0.14120814945484	7	7	37	covers 0	#4682B4
#4682B4	-0.14120814945484	7	7	38	covers 0	#4682B4
#4682B4	-0.14120814945484	7	7	39	covers 0	#4682B4
#4682B4	-0.14120814945484	7	7	40	covers 0	#4682B4
#4682B4	-0.14120814945484	7	7	41	covers 0	#4682B4
#4682B4	-0.14120814945484	7	7	42	covers 0	#4682B4
#4682B4	-0.14120814945484	7	7	43	covers 0	#4682B4
#4682B4	-0.14120814945484	7	7	44	covers 0	#4682B4
#4682B4	-0.14120814945484	7	7	45	covers 0	#4682B4
#4682B4	-0.14120814945484	7	7	46	covers 0	#4682B4
#4682B4	-0.14120814945484	7	7	47	covers 0	#4682B4
#4682B4	-0.14120814945484	7	7	48	covers 0	#4682B4
#4682B4	-0.14120814945484	7	7	49	covers 0	#4682B4
#4682B4	-0.14120814945484	7	7	50	covers 0	#4682B4
#4682B4	-0.00719670043348937	8	8	8	covers 0	#4682B4
#4682B4	-0.00719670043348937	8	8	9	covers 0	#4682B4
#4682B4	-0.00719670043348937	8	8	10	covers 0	#4682B4
#4682B4	-0.00719670043348937	8	8	11	covers 0	#4682B4
#4682B4	-0.00719670043348937	8	8	12	covers 0	#4682B4
#4682B4	-0.00719670043348937	8	8	13	covers 0	#4682B4
#4682B4	-0.00719670043348937	8	8	14	covers 0	#4682B4
#4682B4	-0.00719670043348937	8	8	15	covers 0	#4682B4
#4682B4	-0.00719670043348937	8	8	16	covers 0	#4682B4
#4682B4	-0.00719670043348937	8	8	17	covers 0	#4682B4
#4682B4	-0.00719670043348937	8	8	18	covers 0	#4682B4
#4682B4	-0.00719670043348937	8	8	19	covers 0	#4682B4
#4682B4	-0.00719670043348937	8	8	20	covers 0	#4682B4
#4682B4	-0.00719670043348937	8	8	21	covers 0	#4682B4
#4682B4	-0.00719670043348937	8	8	22	covers 0	#4682B4
#4682B4	-0.00719670043348937	8	8	23	covers 0	#4682B4
#4682B4	-0.00719670043348937	8	8	24	covers 0	#4682B4
#4682B4	-0.00719670043348937	8	8	25	covers 0	#4682B4
#4682B4	-0.00719670043348937	8	8	26	covers 0	#4682B4
#4682B4	-0.00719670043348937	8	8	27	covers 0	#4682B4
#4682B4	-0.00719670043348937	8	8	28	covers 0	#4682B4
#4682B4	-0.00719670043348937	8	8	29	covers 0	#4682B4
#4682B4	-0.00719670043348937	8	8	30	covers 0	#4682B4
#4682B4	-0.00719670043348937	8	8	31	covers 0	#4682B4
#4682B4	-0.00719670043348937	8	8	32	covers 0	#4682B4
#4682B4	-0.00719670043348937	8	8	33	covers 0	#4682B4
#4682B4	-0.00719670043348937	8	8	34	covers 0	#4682B4
#4682B4	-0.00719670043348937	8	8	35	covers 0	#4682B4
#4682B4	-0.00719670043348937	8	8	36	covers 0	#4682B4
#4682B4	-0.00719670043348937	8	8	37	covers 0	#4682B4
#4682B4	-0.00719670043348937	8	8	38	covers 0	#4682B4
#4682B4	-0.00719670043348937	8	8	39	covers 0	#4682B4
#4682B4	-0.00719670043348937	8	8	40	covers 0	#4682B4
#4682B4	-0.00719670043348937	8	8	41	covers 0	#4682B4
#4682B4	-0.00719670043348937	8	8	42	covers 0	#4682B4
#4682B4	-0.00719670043348937	8	8	43	covers 0	#4682B4
#4682B4	-0.00719670043348937	8	8	44	covers 0	#4682B4
#4682B4	-0.00719670043348937	8	8	45	covers 0	#4682B4
#4682B4	-0.00719670043348937	8	8	46	covers 0	#4682B4
#4682B4	-0.00719670043348937	8	8	47	covers 0	#4682B4
#4682B4	-0.00719670043348937	8	8	48	covers 0	#4682B4
#4682B4	-0.00719670043348937	8	8	49	covers 0	#4682B4
#4682B4	-0.00719670043348937	8	8	50	covers 0	#4682B4
#4682B4	-0.0115941840975429	9	9	9	covers 0	#4682B4
#4682B4	-0.0115941840975429	9	9	10	covers 0	#4682B4
#4682B4	-0.0115941840975429	9	9	11	covers 0	#4682B4
#4682B4	-0.0115941840975429	9	9	12	covers 0	#4682B4
#4682B4	-0.0115941840975429	9	9	13	covers 0	#4682B4
#4682B4	-0.0115941840975429	9	9	14	covers 0	#4682B4
#4682B4	-0.0115941840975429	9	9	15	covers 0	#4682B4
#4682B4	-0.0115941840975429	9	9	16	covers 0	#4682B4
#4682B4	-0.0115941840975429	9	9	17	covers 0	#4682B4
#4682B4	-0.0115941840975429	9	9	18	covers 0	#4682B4
#4682B4	-0.0115941840975429	9	9	19	covers 0	#4682B4
#4682B4	-0.0115941840975429	9	9	20	covers 0	#4682B4
#4682B4	-0.0115941840975429	9	9	21	covers 0	#4682B4
#4682B4	-0.0115941840975429	9	9	22	covers 0	#4682B4
#4682B4	-0.0115941840975429	9	9	23	covers 0	#4682B4
#4682B4	-0.0115941840975429	9	9	24	covers 0	#4682B4
#4682B4	-0.0115941840975429	9	9	25	covers 0	#4682B4
#4682B4	-0.0115941840975429	9	9	26	covers 0	#4682B4
#4682B4	-0.0115941840975429	9	9	27	covers 0	#4682B4
#4682B4	-0.0115941840975429	9	9	28	covers 0	#4682B4
#4682B4	-0.0115941840975429	9	9	29	covers 0	#4682B4
#4682B4	-0.0115941840975429	9	9	30	covers 0	#4682B4
#4682B4	-0.0115941840975429	9	9	31	covers 0	#4682B4
#4682B4	-0.0115941840975429	9	9	32	covers 0	#4682B4
#4682B4	-0.0115941840975429	9	9	33	covers 0	#4682B4
#4682B4	-0.0115941840975429	9	9	34	covers 0	#4682B4
#4682B4	-0.0115941840975429	9	9	35	covers 0	#4682B4
#4682B4	-0.0115941840975429	9	9	36	covers 0	#4682B4
#4682B4	-0.0115941840975429	9	9	37	covers 0	#4682B4
#4682B4	-0.0115941840975429	9	9	38	covers 0	#4682B4
#4682B4	-0.0115941840975429	9	9	39	covers 0	#4682B4
#4682B4	-0.0115941840975429	9	9	40	covers 0	#4682B4
#4682B4	-0.0115941840975429	9	9	41	covers 0	#4682B4
#4682B4	-0.0115941840975429	9	9	42	covers 0	#4682B4
#4682B4	-0.0115941840975429	9	9	43	covers 0	#4682B4
#4682B4	-0.0115941840975429	9	9	44	covers 0	#4682B4
#4682B4	-0.0115941840975429	9	9	45	covers 0	#4682B4
#4682B4	-0.0115941840975429	9	9	46	covers 0	#4682B4
#4682B4	-0.0115941840975429	9	9	47	covers 0	#4682B4
#4682B4	-0.0115941840975429	9	9	48	covers 0	#4682B4
#4682B4	-0.0115941840975429	9	9	49	covers 0	#4682B4
#4682B4	-0.0115941840975429	9	9	50	covers 0	#4682B4
#4682B4	0.102730435327591	10	10	10	covers 0	#4682B4
#4682B4	0.102730435327591	10	10	11	covers 0	#4682B4
#4682B4	0.102730435327591	10	10	12	covers 0	#4682B4
#4682B4	0.102730435327591	10	10	13	covers 0	#4682B4
#4682B4	0.102730435327591	10	10	14	covers 0	#4682B4
#4682B4	0.102730435327591	10	10	15	covers 0	#4682B4
#4682B4	0.102730435327591	10	10	16	covers 0	#4682B4
#4682B4	0.102730435327591	10	10	17	covers 0	#4682B4
#4682B4	0.102730435327591	10	10	18	covers 0	#4682B4
#4682B4	0.102730435327591	10	10	19	covers 0	#4682B4
#4682B4	0.102730435327591	10	10	20	covers 0	#4682B4
#4682B4	0.102730435327591	10	10	21	covers 0	#4682B4
#4682B4	0.102730435327591	10	10	22	covers 0	#4682B4
#4682B4	0.102730435327591	10	10	23	covers 0	#4682B4
#4682B4	0.102730435327591	10	10	24	covers 0	#4682B4
#4682B4	0.102730435327591	10	10	25	covers 0	#4682B4
#4682B4	0.102730435327591	10	10	26	covers 0	#4682B4
#4682B4	0.102730435327591	10	10	27	covers 0	#4682B4
#4682B4	0.102730435327591	10	10	28	covers 0	#4682B4
#4682B4	0.102730435327591	10	10	29	covers 0	#4682B4
#4682B4	0.102730435327591	10	10	30	covers 0	#4682B4
#4682B4	0.102730435327591	10	10	31	covers 0	#4682B4
#4682B4	0.102730435327591	10	10	32	covers 0	#4682B4
#4682B4	0.102730435327591	10	10	33	covers 0	#4682B4
#4682B4	0.102730435327591	10	10	34	covers 0	#4682B4
#4682B4	0.102730435327591	10	10	35	covers 0	#4682B4
#4682B4	0.102730435327591	10	10	36	covers 0	#4682B4
#4682B4	0.102730435327591	10	10	37	covers 0	#4682B4
#4682B4	0.102730435327591	10	10	38	covers 0	#4682B4
#4682B4	0.102730435327591	10	10	39	covers 0	#4682B4
#4682B4	0.102730435327591	10	10	40	covers 0	#4682B4
#4682B4	0.102730435327591	10	10	41	covers 0	#4682B4
#4682B4	0.102730435327591	10	10	42	covers 0	#4682B4
#4682B4	0.102730435327591	10	10	43	covers 0	#4682B4
#4682B4	0.102730435327591	10	10	44	covers 0	#4682B4
#4682B4	0.102730435327591	10	10	45	covers 0	#4682B4
#4682B4	0.102730435327591	10	10	46	covers 0	#4682B4
#4682B4	0.102730435327591	10	10	47	covers 0	#4682B4
#4682B4	0.102730435327591	10	10	48	covers 0	#4682B4
#4682B4	0.102730435327591	10	10	49	covers 0	#4682B4
#4682B4	0.102730435327591	10	10	50	covers 0	#4682B4
#4682B4	-0.0201206378022336	11	11	11	covers 0	#4682B4
#4682B4	-0.0201206378022336	11	11	12	covers 0	#4682B4
#4682B4	-0.0201206378022336	11	11	13	covers 0	#4682B4
#4682B4	-0.0201206378022336	11	11	14	covers 0	#4682B4
#4682B4	-0.0201206378022336	11	11	15	covers 0	#4682B4
#4682B4	-0.0201206378022336	11	11	16	covers 0	#4682B4
#4682B4	-0.0201206378022336	11	11	17	covers 0	#4682B4
#4682B4	-0.0201206378022336	11	11	18	covers 0	#4682B4
#4682B4	-0.0201206378022336	11	11	19	covers 0	#4682B4
#4682B4	-0.0201206378022336	11	11	20	covers 0	#4682B4
#4682B4	-0.0201206378022336	11	11	21	covers 0	#4682B4
#4682B4	-0.0201206378022336	11	11	22	covers 0	#4682B4
#4682B4	-0.0201206378022336	11	11	23	covers 0	#4682B4
#4682B4	-0.0201206378022336	11	11	24	covers 0	#4682B4
#4682B4	-0.0201206378022336	11	11	25	covers 0	#4682B4
#4682B4	-0.0201206378022336	11	11	26	covers 0	#4682B4
#4682B4	-0.0201206378022336	11	11	27	covers 0	#4682B4
#4682B4	-0.0201206378022336	11	11	28	covers 0	#4682B4
#4682B4	-0.0201206378022336	11	11	29	covers 0	#4682B4
#4682B4	-0.0201206378022336	11	11	30	covers 0	#4682B4
#4682B4	-0.0201206378022336	11	11	31	covers 0	#4682B4
#4682B4	-0.0201206378022336	11	11	32	covers 0	#4682B4
#4682B4	-0.0201206378022336	11	11	33	covers 0	#4682B4
#4682B4	-0.0201206378022336	11	11	34	covers 0	#4682B4
#4682B4	-0.0201206378022336	11	11	35	covers 0	#4682B4
#4682B4	-0.0201206378022336	11	11	36	covers 0	#4682B4
#4682B4	-0.0201206378022336	11	11	37	covers 0	#4682B4
#4682B4	-0.0201206378022336	11	11	38	covers 0	#4682B4
#4682B4	-0.0201206378022336	11	11	39	covers 0	#4682B4
#4682B4	-0.0201206378022336	11	11	40	covers 0	#4682B4
#4682B4	-0.0201206378022336	11	11	41	covers 0	#4682B4
#4682B4	-0.0201206378022336	11	11	42	covers 0	#4682B4
#4682B4	-0.0201206378022336	11	11	43	covers 0	#4682B4
#4682B4	-0.0201206378022336	11	11	44	covers 0	#4682B4
#4682B4	-0.0201206378022336	11	11	45	covers 0	#4682B4
#4682B4	-0.0201206378022336	11	11	46	covers 0	#4682B4
#4682B4	-0.0201206378022336	11	11	47	covers 0	#4682B4
#4682B4	-0.0201206378022336	11	11	48	covers 0	#4682B4
#4682B4	-0.0201206378022336	11	11	49	covers 0	#4682B4
#4682B4	-0.0201206378022336	11	11	50	covers 0	#4682B4
#4682B4	-0.110542605150304	12	12	12	covers 0	#4682B4
#4682B4	-0.110542605150304	12	12	13	covers 0	#4682B4
#4682B4	-0.110542605150304	12	12	14	covers 0	#4682B4
#4682B4	-0.110542605150304	12	12	15	covers 0	#4682B4
#4682B4	-0.110542605150304	12	12	16	covers 0	#4682B4
#4682B4	-0.110542605150304	12	12	17	covers 0	#4682B4
#4682B4	-0.110542605150304	12	12	18	covers 0	#4682B4
#4682B4	-0.110542605150304	12	12	19	covers 0	#4682B4
#4682B4	-0.110542605150304	12	12	20	covers 0	#4682B4
#4682B4	-0.110542605150304	12	12	21	covers 0	#4682B4
#4682B4	-0.110542605150304	12	12	22	covers 0	#4682B4
#4682B4	-0.110542605150304	12	12	23	covers 0	#4682B4
#4682B4	-0.110542605150304	12	12	24	covers 0	#4682B4
#4682B4	-0.110542605150304	12	12	25	covers 0	#4682B4
#4682B4	-0.110542605150304	12	12	26	covers 0	#4682B4
#4682B4	-0.110542605150304	12	12	27	covers 0	#4682B4
#4682B4	-0.110542605150304	12	12	28	covers 0	#4682B4
#4682B4	-0.110542605150304	12	12	29	covers 0	#4682B4
#4682B4	-0.110542605150304	12	12	30	covers 0	#4682B4
#4682B4	-0.110542605150304	12	12	31	covers 0	#4682B4
#4682B4	-0.110542605150304	12	12	32	covers 0	#4682B4
#4682B4	-0.110542605150304	12	12	33	covers 0	#4682B4
#4682B4	-0.110542605150304	12	12	34	covers 0	#4682B4
#4682B4	-0.110542605150304	12	12	35	covers 0	#4682B4
#4682B4	-0.110542605150304	12	12	36	covers 0	#4682B4
#4682B4	-0.110542605150304	12	12	37	covers 0	#4682B4
#4682B4	-0.110542605150304	12	12	38	covers 0	#4682B4
#4682B4	-0.110542605150304	12	12	39	covers 0	#4682B4
#4682B4	-0.110542605150304	12	12	40	covers 0	#4682B4
#4682B4	-0.110542605150304	12	12	41	covers 0	#4682B4
#4682B4	-0.110542605150304	12	12	42	covers 0	#4682B4
#4682B4	-0.110542605150304	12	12	43	covers 0	#4682B4
#4682B4	-0.110542605150304	12	12	44	covers 0	#4682B4
#4682B4	-0.110542605150304	12	12	45	covers 0	#4682B4
#4682B4	-0.110542605150304	12	12	46	covers 0	#4682B4
#4682B4	-0.110542605150304	12	12	47	covers 0	#4682B4
#4682B4	-0.110542605150304	12	12	48	covers 0	#4682B4
#4682B4	-0.110542605150304	12	12	49	covers 0	#4682B4
#4682B4	-0.110542605150304	12	12	50	covers 0	#4682B4
#4682B4	0.169023410435061	13	13	13	covers 0	#4682B4
#4682B4	0.169023410435061	13	13	14	covers 0	#4682B4
#4682B4	0.169023410435061	13	13	15	covers 0	#4682B4
#4682B4	0.169023410435061	13	13	16	covers 0	#4682B4
#4682B4	0.169023410435061	13	13	17	covers 0	#4682B4
#4682B4	0.169023410435061	13	13	18	covers 0	#4682B4
#4682B4	0.169023410435061	13	13	19	covers 0	#4682B4
#4682B4	0.169023410435061	13	13	20	covers 0	#4682B4
#4682B4	0.169023410435061	13	13	21	covers 0	#4682B4
#4682B4	0.169023410435061	13	13	22	covers 0	#4682B4
#4682B4	0.169023410435061	13	13	23	covers 0	#4682B4
#4682B4	0.169023410435061	13	13	24	covers 0	#4682B4
#4682B4	0.169023410435061	13	13	25	covers 0	#4682B4
#4682B4	0.169023410435061	13	13	26	covers 0	#4682B4
#4682B4	0.169023410435061	13	13	27	covers 0	#4682B4
#4682B4	0.169023410435061	13	13	28	covers 0	#4682B4
#4682B4	0.169023410435061	13	13	29	covers 0	#4682B4
#4682B4	0.169023410435061	13	13	30	covers 0	#4682B4
#4682B4	0.169023410435061	13	13	31	covers 0	#4682B4
#4682B4	0.169023410435061	13	13	32	covers 0	#4682B4
#4682B4	0.169023410435061	13	13	33	covers 0	#4682B4
#4682B4	0.169023410435061	13	13	34	covers 0	#4682B4
#4682B4	0.169023410435061	13	13	35	covers 0	#4682B4
#4682B4	0.169023410435061	13	13	36	covers 0	#4682B4
#4682B4	0.169023410435061	13	13	37	covers 0	#4682B4
#4682B4	0.169023410435061	13	13	38	covers 0	#4682B4
#4682B4	0.169023410435061	13	13	39	covers 0	#4682B4
#4682B4	0.169023410435061	13	13	40	covers 0	#4682B4
#4682B4	0.169023410435061	13	13	41	covers 0	#4682B4
#4682B4	0.169023410435061	13	13	42	covers 0	#4682B4
#4682B4	0.169023410435061	13	13	43	covers 0	#4682B4
#4682B4	0.169023410435061	13	13	44	covers 0	#4682B4
#4682B4	0.169023410435061	13	13	45	covers 0	#4682B4
#4682B4	0.169023410435061	13	13	46	covers 0	#4682B4
#4682B4	0.169023410435061	13	13	47	covers 0	#4682B4
#4682B4	0.169023410435061	13	13	48	covers 0	#4682B4
#4682B4	0.169023410435061	13	13	49	covers 0	#4682B4
#4682B4	0.169023410435061	13	13	50	covers 0	#4682B4
#4682B4	-0.155253969721158	14	14	14	covers 0	#4682B4
#4682B4	-0.155253969721158	14	14	15	covers 0	#4682B4
#4682B4	-0.155253969721158	14	14	16	covers 0	#4682B4
#4682B4	-0.155253969721158	14	14	17	covers 0	#4682B4
#4682B4	-0.155253969721158	14	14	18	covers 0	#4682B4
#4682B4	-0.155253969721158	14	14	19	covers 0	#4682B4
#4682B4	-0.155253969721158	14	14	20	covers 0	#4682B4
#4682B4	-0.155253969721158	14	14	21	covers 0	#4682B4
#4682B4	-0.155253969721158	14	14	22	covers 0	#4682B4
#4682B4	-0.155253969721158	14	14	23	covers 0	#4682B4
#4682B4	-0.155253969721158	14	14	24	covers 0	#4682B4
#4682B4	-0.155253969721158	14	14	25	covers 0	#4682B4
#4682B4	-0.155253969721158	14	14	26	covers 0	#4682B4
#4682B4	-0.155253969721158	14	14	27	covers 0	#4682B4
#4682B4	-0.155253969721158	14	14	28	covers 0	#4682B4
#4682B4	-0.155253969721158	14	14	29	covers 0	#4682B4
#4682B4	-0.155253969721158	14	14	30	covers 0	#4682B4
#4682B4	-0.155253969721158	14	14	31	covers 0	#4682B4
#4682B4	-0.155253969721158	14	14	32	covers 0	#4682B4
#4682B4	-0.155253969721158	14	14	33	covers 0	#4682B4
#4682B4	-0.155253969721158	14	14	34	covers 0	#4682B4
#4682B4	-0.155253969721158	14	14	35	covers 0	#4682B4
#4682B4	-0.155253969721158	14	14	36	covers 0	#4682B4
#4682B4	-0.155253969721158	14	14	37	covers 0	#4682B4
#4682B4	-0.155253969721158	14	14	38	covers 0	#4682B4
#4682B4	-0.155253969721158	14	14	39	covers 0	#4682B4
#4682B4	-0.155253969721158	14	14	40	covers 0	#4682B4
#4682B4	-0.155253969721158	14	14	41	covers 0	#4682B4
#4682B4	-0.155253969721158	14	14	42	covers 0	#4682B4
#4682B4	-0.155253969721158	14	14	43	covers 0	#4682B4
#4682B4	-0.155253969721158	14	14	44	covers 0	#4682B4
#4682B4	-0.155253969721158	14	14	45	covers 0	#4682B4
#4682B4	-0.155253969721158	14	14	46	covers 0	#4682B4
#4682B4	-0.155253969721158	14	14	47	covers 0	#4682B4
#4682B4	-0.155253969721158	14	14	48	covers 0	#4682B4
#4682B4	-0.155253969721158	14	14	49	covers 0	#4682B4
#4682B4	-0.155253969721158	14	14	50	covers 0	#4682B4
#4682B4	0.027646769769332	15	15	15	covers 0	#4682B4
#4682B4	0.027646769769332	15	15	16	covers 0	#4682B4
#4682B4	0.027646769769332	15	15	17	covers 0	#4682B4
#4682B4	0.027646769769332	15	15	18	covers 0	#4682B4
#4682B4	0.027646769769332	15	15	19	covers 0	#4682B4
#4682B4	0.027646769769332	15	15	20	covers 0	#4682B4
#4682B4	0.027646769769332	15	15	21	covers 0	#4682B4
#4682B4	0.027646769769332	15	15	22	covers 0	#4682B4
#4682B4	0.027646769769332	15	15	23	covers 0	#4682B4
#4682B4	0.027646769769332	15	15	24	covers 0	#4682B4
#4682B4	0.027646769769332	15	15	25	covers 0	#4682B4
#4682B4	0.027646769769332	15	15	26	covers 0	#4682B4
#4682B4	0.027646769769332	15	15	27	covers 0	#4682B4
#4682B4	0.027646769769332	15	15	28	covers 0	#4682B4
#4682B4	0.027646769769332	15	15	29	covers 0	#4682B4
#4682B4	0.027646769769332	15	15	30	covers 0	#4682B4
#4682B4	0.027646769769332	15	15	31	covers 0	#4682B4
#4682B4	0.027646769769332	15	15	32	covers 0	#4682B4
#4682B4	0.027646769769332	15	15	33	covers 0	#4682B4
#4682B4	0.027646769769332	15	15	34	covers 0	#4682B4
#4682B4	0.027646769769332	15	15	35	covers 0	#4682B4
#4682B4	0.027646769769332	15	15	36	covers 0	#4682B4
#4682B4	0.027646769769332	15	15	37	covers 0	#4682B4
#4682B4	0.027646769769332	15	15	38	covers 0	#4682B4
#4682B4	0.027646769769332	15	15	39	covers 0	#4682B4
#4682B4	0.027646769769332	15	15	40	covers 0	#4682B4
#4682B4	0.027646769769332	15	15	41	covers 0	#4682B4
#4682B4	0.027646769769332	15	15	42	covers 0	#4682B4
#4682B4	0.027646769769332	15	15	43	covers 0	#4682B4
#4682B4	0.027646769769332	15	15	44	covers 0	#4682B4
#4682B4	0.027646769769332	15	15	45	covers 0	#4682B4
#4682B4	0.027646769769332	15	15	46	covers 0	#4682B4
#4682B4	0.027646769769332	15	15	47	covers 0	#4682B4
#4682B4	0.027646769769332	15	15	48	covers 0	#4682B4
#4682B4	0.027646769769332	15	15	49	covers 0	#4682B4
#4682B4	0.027646769769332	15	15	50	covers 0	#4682B4
#4682B4	-0.0244782695426865	16	16	16	covers 0	#4682B4
#4682B4	-0.0244782695426865	16	16	17	covers 0	#4682B4
#4682B4	-0.0244782695426865	16	16	18	covers 0	#4682B4
#4682B4	-0.0244782695426865	16	16	19	covers 0	#4682B4
#4682B4	-0.0244782695426865	16	16	20	covers 0	#4682B4
#4682B4	-0.0244782695426865	16	16	21	covers 0	#4682B4
#4682B4	-0.0244782695426865	16	16	22	covers 0	#4682B4
#4682B4	-0.0244782695426865	16	16	23	covers 0	#4682B4
#4682B4	-0.0244782695426865	16	16	24	covers 0	#4682B4
#4682B4	-0.0244782695426865	16	16	25	covers 0	#4682B4
#4682B4	-0.0244782695426865	16	16	26	covers 0	#4682B4
#4682B4	-0.0244782695426865	16	16	27	covers 0	#4682B4
#4682B4	-0.0244782695426865	16	16	28	covers 0	#4682B4
#4682B4	-0.0244782695426865	16	16	29	covers 0	#4682B4
#4682B4	-0.0244782695426865	16	16	30	covers 0	#4682B4
#4682B4	-0.0244782695426865	16	16	31	covers 0	#4682B4
#4682B4	-0.0244782695426865	16	16	32	covers 0	#4682B4
#4682B4	-0.0244782695426865	16	16	33	covers 0	#4682B4
#4682B4	-0.0244782695426865	16	16	34	covers 0	#4682B4
#4682B4	-0.0244782695426865	16	16	35	covers 0	#4682B4
#4682B4	-0.0244782695426865	16	16	36	covers 0	#4682B4
#4682B4	-0.0244782695426865	16	16	37	covers 0	#4682B4
#4682B4	-0.0244782695426865	16	16	38	covers 0	#4682B4
#4682B4	-0.0244782695426865	16	16	39	covers 0	#4682B4
#4682B4	-0.0244782695426865	16	16	40	covers 0	#4682B4
#4682B4	-0.0244782695426865	16	16	41	covers 0	#4682B4
#4682B4	-0.0244782695426865	16	16	42	covers 0	#4682B4
#4682B4	-0.0244782695426865	16	16	43	covers 0	#4682B4
#4682B4	-0.0244782695426865	16	16	44	covers 0	#4682B4
#4682B4	-0.0244782695426865	16	16	45	covers 0	#4682B4
#4682B4	-0.0244782695426865	16	16	46	covers 0	#4682B4
#4682B4	-0.0244782695426865	16	16	47	covers 0	#4682B4
#4682B4	-0.0244782695426865	16	16	48	covers 0	#4682B4
#4682B4	-0.0244782695426865	16	16	49	covers 0	#4682B4
#4682B4	-0.0244782695426865	16	16	50	covers 0	#4682B4
#4682B4	-0.209974137879844	17	17	17	covers 0	#4682B4
#4682B4	-0.209974137879844	17	17	18	covers 0	#4682B4
#4682B4	-0.209974137879844	17	17	19	covers 0	#4682B4
#4682B4	-0.209974137879844	17	17	20	covers 0	#4682B4
#4682B4	-0.209974137879844	17	17	21	covers 0	#4682B4
#4682B4	-0.209974137879844	17	17	22	covers 0	#4682B4
#4682B4	-0.209974137879844	17	17	23	covers 0	#4682B4
#4682B4	-0.209974137879844	17	17	24	covers 0	#4682B4
#4682B4	-0.209974137879844	17	17	25	covers 0	#4682B4
#4682B4	-0.209974137879844	17	17	26	covers 0	#4682B4
#4682B4	-0.209974137879844	17	17	27	covers 0	#4682B4
#4682B4	-0.209974137879844	17	17	28	covers 0	#4682B4
#4682B4	-0.209974137879844	17	17	29	covers 0	#4682B4
#4682B4	-0.209974137879844	17	17	30	covers 0	#4682B4
#4682B4	-0.209974137879844	17	17	31	covers 0	#4682B4
#4682B4	-0.209974137879844	17	17	32	covers 0	#4682B4
#4682B4	-0.209974137879844	17	17	33	covers 0	#4682B4
#4682B4	-0.209974137879844	17	17	34	covers 0	#4682B4
#4682B4	-0.209974137879844	17	17	35	covers 0	#4682B4
#4682B4	-0.209974137879844	17	17	36	covers 0	#4682B4
#4682B4	-0.209974137879844	17	17	37	covers 0	#4682B4
#4682B4	-0.209974137879844	17	17	38	covers 0	#4682B4
#4682B4	-0.209974137879844	17	17	39	covers 0	#4682B4
#4682B4	-0.209974137879844	17	17	40	covers 0	#4682B4
#4682B4	-0.209974137879844	17	17	41	covers 0	#4682B4
#4682B4	-0.209974137879844	17	17	42	covers 0	#4682B4
#4682B4	-0.209974137879844	17	17	43	covers 0	#4682B4
#4682B4	-0.209974137879844	17	17	44	covers 0	#4682B4
#4682B4	-0.209974137879844	17	17	45	covers 0	#4682B4
#4682B4	-0.209974137879844	17	17	46	covers 0	#4682B4
#4682B4	-0.209974137879844	17	17	47	covers 0	#4682B4
#4682B4	-0.209974137879844	17	17	48	covers 0	#4682B4
#4682B4	-0.209974137879844	17	17	49	covers 0	#4682B4
#4682B4	-0.209974137879844	17	17	50	covers 0	#4682B4
#4682B4	0.114560639063451	18	18	18	covers 0	#4682B4
#4682B4	0.114560639063451	18	18	19	covers 0	#4682B4
#4682B4	0.114560639063451	18	18	20	covers 0	#4682B4
#4682B4	0.114560639063451	18	18	21	covers 0	#4682B4
#4682B4	0.114560639063451	18	18	22	covers 0	#4682B4
#4682B4	0.114560639063451	18	18	23	covers 0	#4682B4
#4682B4	0.114560639063451	18	18	24	covers 0	#4682B4
#4682B4	0.114560639063451	18	18	25	covers 0	#4682B4
#4682B4	0.114560639063451	18	18	26	covers 0	#4682B4
#4682B4	0.114560639063451	18	18	27	covers 0	#4682B4
#4682B4	0.114560639063451	18	18	28	covers 0	#4682B4
#4682B4	0.114560639063451	18	18	29	covers 0	#4682B4
#4682B4	0.114560639063451	18	18	30	covers 0	#4682B4
#4682B4	0.114560639063451	18	18	31	covers 0	#4682B4
#4682B4	0.114560639063451	18	18	32	covers 0	#4682B4
#4682B4	0.114560639063451	18	18	33	covers 0	#4682B4
#4682B4	0.114560639063451	18	18	34	covers 0	#4682B4
#4682B4	0.114560639063451	18	18	35	covers 0	#4682B4
#4682B4	0.114560639063451	18	18	36	covers 0	#4682B4
#4682B4	0.114560639063451	18	18	37	covers 0	#4682B4
#4682B4	0.114560639063451	18	18	38	covers 0	#4682B4
#4682B4	0.114560639063451	18	18	39	covers 0	#4682B4
#4682B4	0.114560639063451	18	18	40	covers 0	#4682B4
#4682B4	0.114560639063451	18	18	41	covers 0	#4682B4
#4682B4	0.114560639063451	18	18	42	covers 0	#4682B4
#4682B4	0.114560639063451	18	18	43	covers 0	#4682B4
#4682B4	0.114560639063451	18	18	44	covers 0	#4682B4
#4682B4	0.114560639063451	18	18	45	covers 0	#4682B4
#4682B4	0.114560639063451	18	18	46	covers 0	#4682B4
#4682B4	0.114560639063451	18	18	47	covers 0	#4682B4
#4682B4	0.114560639063451	18	18	48	covers 0	#4682B4
#4682B4	0.114560639063451	18	18	49	covers 0	#4682B4
#4682B4	0.114560639063451	18	18	50	covers 0	#4682B4
#4682B4	0.0874021848380556	19	19	19	covers 0	#4682B4
#4682B4	0.0874021848380556	19	19	20	covers 0	#4682B4
#4682B4	0.0874021848380556	19	19	21	covers 0	#4682B4
#4682B4	0.0874021848380556	19	19	22	covers 0	#4682B4
#4682B4	0.0874021848380556	19	19	23	covers 0	#4682B4
#4682B4	0.0874021848380556	19	19	24	covers 0	#4682B4
#4682B4	0.0874021848380556	19	19	25	covers 0	#4682B4
#4682B4	0.0874021848380556	19	19	26	covers 0	#4682B4
#4682B4	0.0874021848380556	19	19	27	covers 0	#4682B4
#4682B4	0.0874021848380556	19	19	28	covers 0	#4682B4
#4682B4	0.0874021848380556	19	19	29	covers 0	#4682B4
#4682B4	0.0874021848380556	19	19	30	covers 0	#4682B4
#4682B4	0.0874021848380556	19	19	31	covers 0	#4682B4
#4682B4	0.0874021848380556	19	19	32	covers 0	#4682B4
#4682B4	0.0874021848380556	19	19	33	covers 0	#4682B4
#4682B4	0.0874021848380556	19	19	34	covers 0	#4682B4
#4682B4	0.0874021848380556	19	19	35	covers 0	#4682B4
#4682B4	0.0874021848380556	19	19	36	covers 0	#4682B4
#4682B4	0.0874021848380556	19	19	37	covers 0	#4682B4
#4682B4	0.0874021848380556	19	19	38	covers 0	#4682B4
#4682B4	0.0874021848380556	19	19	39	covers 0	#4682B4
#4682B4	0.0874021848380556	19	19	40	covers 0	#4682B4
#4682B4	0.0874021848380556	19	19	41	covers 0	#4682B4
#4682B4	0.0874021848380556	19	19	42	covers 0	#4682B4
#4682B4	0.0874021848380556	19	19	43	covers 0	#4682B4
#4682B4	0.0874021848380556	19	19	44	covers 0	#4682B4
#4682B4	0.0874021848380556	19	19	45	covers 0	#4682B4
#4682B4	0.0874021848380556	19	19	46	covers 0	#4682B4
#4682B4	0.0874021848380556	19	19	47	covers 0	#4682B4
#4682B4	0.0874021848380556	19	19	48	covers 0	#4682B4
#4682B4	0.0874021848380556	19	19	49	covers 0	#4682B4
#4682B4	0.0874021848380556	19	19	50	covers 0	#4682B4
#4682B4	-0.1533651550639	20	20	20	covers 0	#4682B4
#4682B4	-0.1533651550639	20	20	21	covers 0	#4682B4
#4682B4	-0.1533651550639	20	20	22	covers 0	#4682B4
#4682B4	-0.1533651550639	20	20	23	covers 0	#4682B4
#4682B4	-0.1533651550639	20	20	24	covers 0	#4682B4
#4682B4	-0.1533651550639	20	20	25	covers 0	#4682B4
#4682B4	-0.1533651550639	20	20	26	covers 0	#4682B4
#4682B4	-0.1533651550639	20	20	27	covers 0	#4682B4
#4682B4	-0.1533651550639	20	20	28	covers 0	#4682B4
#4682B4	-0.1533651550639	20	20	29	covers 0	#4682B4
#4682B4	-0.1533651550639	20	20	30	covers 0	#4682B4
#4682B4	-0.1533651550639	20	20	31	covers 0	#4682B4
#4682B4	-0.1533651550639	20	20	32	covers 0	#4682B4
#4682B4	-0.1533651550639	20	20	33	covers 0	#4682B4
#4682B4	-0.1533651550639	20	20	34	covers 0	#4682B4
#4682B4	-0.1533651550639	20	20	35	covers 0	#4682B4
#4682B4	-0.1533651550639	20	20	36	covers 0	#4682B4
#4682B4	-0.1533651550639	20	20	37	covers 0	#4682B4
#4682B4	-0.1533651550639	20	20	38	covers 0	#4682B4
#4682B4	-0.1533651550639	20	20	39	covers 0	#4682B4
#4682B4	-0.1533651550639	20	20	40	covers 0	#4682B4
#4682B4	-0.1533651550639	20	20	41	covers 0	#4682B4
#4682B4	-0.1533651550639	20	20	42	covers 0	#4682B4
#4682B4	-0.1533651550639	20	20	43	covers 0	#4682B4
#4682B4	-0.1533651550639	20	20	44	covers 0	#4682B4
#4682B4	-0.1533651550639	20	20	45	covers 0	#4682B4
#4682B4	-0.1533651550639	20	20	46	covers 0	#4682B4
#4682B4	-0.1533651550639	20	20	47	covers 0	#4682B4
#4682B4	-0.1533651550639	20	20	48	covers 0	#4682B4
#4682B4	-0.1533651550639	20	20	49	covers 0	#4682B4
#4682B4	-0.1533651550639	20	20	50	covers 0	#4682B4
#4682B4	0.15966983159162	21	21	21	covers 0	#4682B4
#4682B4	0.15966983159162	21	21	22	covers 0	#4682B4
#4682B4	0.15966983159162	21	21	23	covers 0	#4682B4
#4682B4	0.15966983159162	21	21	24	covers 0	#4682B4
#4682B4	0.15966983159162	21	21	25	covers 0	#4682B4
#4682B4	0.15966983159162	21	21	26	covers 0	#4682B4
#4682B4	0.15966983159162	21	21	27	covers 0	#4682B4
#4682B4	0.15966983159162	21	21	28	covers 0	#4682B4
#4682B4	0.15966983159162	21	21	29	covers 0	#4682B4
#4682B4	0.15966983159162	21	21	30	covers 0	#4682B4
#4682B4	0.15966983159162	21	21	31	covers 0	#4682B4
#4682B4	0.15966983159162	21	21	32	covers 0	#4682B4
#4682B4	0.15966983159162	21	21	33	covers 0	#4682B4
#4682B4	0.15966983159162	21	21	34	covers 0	#4682B4
#4682B4	0.15966983159162	21	21	35	covers 0	#4682B4
#4682B4	0.15966983159162	21	21	36	covers 0	#4682B4
#4682B4	0.15966983159162	21	21	37	covers 0	#4682B4
#4682B4	0.15966983159162	21	21	38	covers 0	#4682B4
#4682B4	0.15966983159162	21	21	39	covers 0	#4682B4
#4682B4	0.15966983159162	21	21	40	covers 0	#4682B4
#4682B4	0.15966983159162	21	21	41	covers 0	#4682B4
#4682B4	0.15966983159162	21	21	42	covers 0	#4682B4
#4682B4	0.15966983159162	21	21	43	covers 0	#4682B4
#4682B4	0.15966983159162	21	21	44	covers 0	#4682B4
#4682B4	0.15966983159162	21	21	45	covers 0	#4682B4
#4682B4	0.15966983159162	21	21	46	covers 0	#4682B4
#4682B4	0.15966983159162	21	21	47	covers 0	#4682B4
#4682B4	0.15966983159162	21	21	48	covers 0	#4682B4
#4682B4	0.15966983159162	21	21	49	covers 0	#4682B4
#4682B4	0.15966983159162	21	21	50	covers 0	#4682B4
#4682B4	-0.193660488663906	22	22	22	covers 0	#4682B4
#4682B4	-0.193660488663906	22	22	23	covers 0	#4682B4
#4682B4	-0.193660488663906	22	22	24	covers 0	#4682B4
#4682B4	-0.193660488663906	22	22	25	covers 0	#4682B4
#4682B4	-0.193660488663906	22	22	26	covers 0	#4682B4
#4682B4	-0.193660488663906	22	22	27	covers 0	#4682B4
#4682B4	-0.193660488663906	22	22	28	covers 0	#4682B4
#4682B4	-0.193660488663906	22	22	29	covers 0	#4682B4
#4682B4	-0.193660488663906	22	22	30	covers 0	#4682B4
#4682B4	-0.193660488663906	22	22	31	covers 0	#4682B4
#4682B4	-0.193660488663906	22	22	32	covers 0	#4682B4
#4682B4	-0.193660488663906	22	22	33	covers 0	#4682B4
#4682B4	-0.193660488663906	22	22	34	covers 0	#4682B4
#4682B4	-0.193660488663906	22	22	35	covers 0	#4682B4
#4682B4	-0.193660488663906	22	22	36	covers 0	#4682B4
#4682B4	-0.193660488663906	22	22	37	covers 0	#4682B4
#4682B4	-0.193660488663906	22	22	38	covers 0	#4682B4
#4682B4	-0.193660488663906	22	22	39	covers 0	#4682B4
#4682B4	-0.193660488663906	22	22	40	covers 0	#4682B4
#4682B4	-0.193660488663906	22	22	41	covers 0	#4682B4
#4682B4	-0.193660488663906	22	22	42	covers 0	#4682B4
#4682B4	-0.193660488663906	22	22	43	covers 0	#4682B4
#4682B4	-0.193660488663906	22	22	44	covers 0	#4682B4
#4682B4	-0.193660488663906	22	22	45	covers 0	#4682B4
#4682B4	-0.193660488663906	22	22	46	covers 0	#4682B4
#4682B4	-0.193660488663906	22	22	47	covers 0	#4682B4
#4682B4	-0.193660488663906	22	22	48	covers 0	#4682B4
#4682B4	-0.193660488663906	22	22	49	covers 0	#4682B4
#4682B4	-0.193660488663906	22	22	50	covers 0	#4682B4
#4682B4	-0.0123245290368089	23	23	23	covers 0	#4682B4
#4682B4	-0.0123245290368089	23	23	24	covers 0	#4682B4
#4682B4	-0.0123245290368089	23	23	25	covers 0	#4682B4
#4682B4	-0.0123245290368089	23	23	26	covers 0	#4682B4
#4682B4	-0.0123245290368089	23	23	27	covers 0	#4682B4
#4682B4	-0.0123245290368089	23	23	28	covers 0	#4682B4
#4682B4	-0.0123245290368089	23	23	29	covers 0	#4682B4
#4682B4	-0.0123245290368089	23	23	30	covers 0	#4682B4
#4682B4	-0.0123245290368089	23	23	31	covers 0	#4682B4
#4682B4	-0.0123245290368089	23	23	32	covers 0	#4682B4
#4682B4	-0.0123245290368089	23	23	33	covers 0	#4682B4
#4682B4	-0.0123245290368089	23	23	34	covers 0	#4682B4
#4682B4	-0.0123245290368089	23	23	35	covers 0	#4682B4
#4682B4	-0.0123245290368089	23	23	36	covers 0	#4682B4
#4682B4	-0.0123245290368089	23	23	37	covers 0	#4682B4
#4682B4	-0.0123245290368089	23	23	38	covers 0	#4682B4
#4682B4	-0.0123245290368089	23	23	39	covers 0	#4682B4
#4682B4	-0.0123245290368089	23	23	40	covers 0	#4682B4
#4682B4	-0.0123245290368089	23	23	41	covers 0	#4682B4
#4682B4	-0.0123245290368089	23	23	42	covers 0	#4682B4
#4682B4	-0.0123245290368089	23	23	43	covers 0	#4682B4
#4682B4	-0.0123245290368089	23	23	44	covers 0	#4682B4
#4682B4	-0.0123245290368089	23	23	45	covers 0	#4682B4
#4682B4	-0.0123245290368089	23	23	46	covers 0	#4682B4
#4682B4	-0.0123245290368089	23	23	47	covers 0	#4682B4
#4682B4	-0.0123245290368089	23	23	48	covers 0	#4682B4
#4682B4	-0.0123245290368089	23	23	49	covers 0	#4682B4
#4682B4	-0.0123245290368089	23	23	50	covers 0	#4682B4
#FF6347	-0.373029399256152	24	24	24	misses 0	#FF6347
#FF6347	-0.373029399256152	24	24	25	misses 0	#FF6347
#FF6347	-0.373029399256152	24	24	26	misses 0	#FF6347
#FF6347	-0.373029399256152	24	24	27	misses 0	#FF6347
#FF6347	-0.373029399256152	24	24	28	misses 0	#FF6347
#FF6347	-0.373029399256152	24	24	29	misses 0	#FF6347
#FF6347	-0.373029399256152	24	24	30	misses 0	#FF6347
#FF6347	-0.373029399256152	24	24	31	misses 0	#FF6347
#FF6347	-0.373029399256152	24	24	32	misses 0	#FF6347
#FF6347	-0.373029399256152	24	24	33	misses 0	#FF6347
#FF6347	-0.373029399256152	24	24	34	misses 0	#FF6347
#FF6347	-0.373029399256152	24	24	35	misses 0	#FF6347
#FF6347	-0.373029399256152	24	24	36	misses 0	#FF6347
#FF6347	-0.373029399256152	24	24	37	misses 0	#FF6347
#FF6347	-0.373029399256152	24	24	38	misses 0	#FF6347
#FF6347	-0.373029399256152	24	24	39	misses 0	#FF6347
#FF6347	-0.373029399256152	24	24	40	misses 0	#FF6347
#FF6347	-0.373029399256152	24	24	41	misses 0	#FF6347
#FF6347	-0.373029399256152	24	24	42	misses 0	#FF6347
#FF6347	-0.373029399256152	24	24	43	misses 0	#FF6347
#FF6347	-0.373029399256152	24	24	44	misses 0	#FF6347
#FF6347	-0.373029399256152	24	24	45	misses 0	#FF6347
#FF6347	-0.373029399256152	24	24	46	misses 0	#FF6347
#FF6347	-0.373029399256152	24	24	47	misses 0	#FF6347
#FF6347	-0.373029399256152	24	24	48	misses 0	#FF6347
#FF6347	-0.373029399256152	24	24	49	misses 0	#FF6347
#FF6347	-0.373029399256152	24	24	50	misses 0	#FF6347
#4682B4	-0.089864027876952	25	25	25	covers 0	#4682B4
#4682B4	-0.089864027876952	25	25	26	covers 0	#4682B4
#4682B4	-0.089864027876952	25	25	27	covers 0	#4682B4
#4682B4	-0.089864027876952	25	25	28	covers 0	#4682B4
#4682B4	-0.089864027876952	25	25	29	covers 0	#4682B4
#4682B4	-0.089864027876952	25	25	30	covers 0	#4682B4
#4682B4	-0.089864027876952	25	25	31	covers 0	#4682B4
#4682B4	-0.089864027876952	25	25	32	covers 0	#4682B4
#4682B4	-0.089864027876952	25	25	33	covers 0	#4682B4
#4682B4	-0.089864027876952	25	25	34	covers 0	#4682B4
#4682B4	-0.089864027876952	25	25	35	covers 0	#4682B4
#4682B4	-0.089864027876952	25	25	36	covers 0	#4682B4
#4682B4	-0.089864027876952	25	25	37	covers 0	#4682B4
#4682B4	-0.089864027876952	25	25	38	covers 0	#4682B4
#4682B4	-0.089864027876952	25	25	39	covers 0	#4682B4
#4682B4	-0.089864027876952	25	25	40	covers 0	#4682B4
#4682B4	-0.089864027876952	25	25	41	covers 0	#4682B4
#4682B4	-0.089864027876952	25	25	42	covers 0	#4682B4
#4682B4	-0.089864027876952	25	25	43	covers 0	#4682B4
#4682B4	-0.089864027876952	25	25	44	covers 0	#4682B4
#4682B4	-0.089864027876952	25	25	45	covers 0	#4682B4
#4682B4	-0.089864027876952	25	25	46	covers 0	#4682B4
#4682B4	-0.089864027876952	25	25	47	covers 0	#4682B4
#4682B4	-0.089864027876952	25	25	48	covers 0	#4682B4
#4682B4	-0.089864027876952	25	25	49	covers 0	#4682B4
#4682B4	-0.089864027876952	25	25	50	covers 0	#4682B4
#4682B4	-0.178886932533946	26	26	26	covers 0	#4682B4
#4682B4	-0.178886932533946	26	26	27	covers 0	#4682B4
#4682B4	-0.178886932533946	26	26	28	covers 0	#4682B4
#4682B4	-0.178886932533946	26	26	29	covers 0	#4682B4
#4682B4	-0.178886932533946	26	26	30	covers 0	#4682B4
#4682B4	-0.178886932533946	26	26	31	covers 0	#4682B4
#4682B4	-0.178886932533946	26	26	32	covers 0	#4682B4
#4682B4	-0.178886932533946	26	26	33	covers 0	#4682B4
#4682B4	-0.178886932533946	26	26	34	covers 0	#4682B4
#4682B4	-0.178886932533946	26	26	35	covers 0	#4682B4
#4682B4	-0.178886932533946	26	26	36	covers 0	#4682B4
#4682B4	-0.178886932533946	26	26	37	covers 0	#4682B4
#4682B4	-0.178886932533946	26	26	38	covers 0	#4682B4
#4682B4	-0.178886932533946	26	26	39	covers 0	#4682B4
#4682B4	-0.178886932533946	26	26	40	covers 0	#4682B4
#4682B4	-0.178886932533946	26	26	41	covers 0	#4682B4
#4682B4	-0.178886932533946	26	26	42	covers 0	#4682B4
#4682B4	-0.178886932533946	26	26	43	covers 0	#4682B4
#4682B4	-0.178886932533946	26	26	44	covers 0	#4682B4
#4682B4	-0.178886932533946	26	26	45	covers 0	#4682B4
#4682B4	-0.178886932533946	26	26	46	covers 0	#4682B4
#4682B4	-0.178886932533946	26	26	47	covers 0	#4682B4
#4682B4	-0.178886932533946	26	26	48	covers 0	#4682B4
#4682B4	-0.178886932533946	26	26	49	covers 0	#4682B4
#4682B4	-0.178886932533946	26	26	50	covers 0	#4682B4
#4682B4	-0.106200774894633	27	27	27	covers 0	#4682B4
#4682B4	-0.106200774894633	27	27	28	covers 0	#4682B4
#4682B4	-0.106200774894633	27	27	29	covers 0	#4682B4
#4682B4	-0.106200774894633	27	27	30	covers 0	#4682B4
#4682B4	-0.106200774894633	27	27	31	covers 0	#4682B4
#4682B4	-0.106200774894633	27	27	32	covers 0	#4682B4
#4682B4	-0.106200774894633	27	27	33	covers 0	#4682B4
#4682B4	-0.106200774894633	27	27	34	covers 0	#4682B4
#4682B4	-0.106200774894633	27	27	35	covers 0	#4682B4
#4682B4	-0.106200774894633	27	27	36	covers 0	#4682B4
#4682B4	-0.106200774894633	27	27	37	covers 0	#4682B4
#4682B4	-0.106200774894633	27	27	38	covers 0	#4682B4
#4682B4	-0.106200774894633	27	27	39	covers 0	#4682B4
#4682B4	-0.106200774894633	27	27	40	covers 0	#4682B4
#4682B4	-0.106200774894633	27	27	41	covers 0	#4682B4
#4682B4	-0.106200774894633	27	27	42	covers 0	#4682B4
#4682B4	-0.106200774894633	27	27	43	covers 0	#4682B4
#4682B4	-0.106200774894633	27	27	44	covers 0	#4682B4
#4682B4	-0.106200774894633	27	27	45	covers 0	#4682B4
#4682B4	-0.106200774894633	27	27	46	covers 0	#4682B4
#4682B4	-0.106200774894633	27	27	47	covers 0	#4682B4
#4682B4	-0.106200774894633	27	27	48	covers 0	#4682B4
#4682B4	-0.106200774894633	27	27	49	covers 0	#4682B4
#4682B4	-0.106200774894633	27	27	50	covers 0	#4682B4
#4682B4	-0.220003836992959	28	28	28	covers 0	#4682B4
#4682B4	-0.220003836992959	28	28	29	covers 0	#4682B4
#4682B4	-0.220003836992959	28	28	30	covers 0	#4682B4
#4682B4	-0.220003836992959	28	28	31	covers 0	#4682B4
#4682B4	-0.220003836992959	28	28	32	covers 0	#4682B4
#4682B4	-0.220003836992959	28	28	33	covers 0	#4682B4
#4682B4	-0.220003836992959	28	28	34	covers 0	#4682B4
#4682B4	-0.220003836992959	28	28	35	covers 0	#4682B4
#4682B4	-0.220003836992959	28	28	36	covers 0	#4682B4
#4682B4	-0.220003836992959	28	28	37	covers 0	#4682B4
#4682B4	-0.220003836992959	28	28	38	covers 0	#4682B4
#4682B4	-0.220003836992959	28	28	39	covers 0	#4682B4
#4682B4	-0.220003836992959	28	28	40	covers 0	#4682B4
#4682B4	-0.220003836992959	28	28	41	covers 0	#4682B4
#4682B4	-0.220003836992959	28	28	42	covers 0	#4682B4
#4682B4	-0.220003836992959	28	28	43	covers 0	#4682B4
#4682B4	-0.220003836992959	28	28	44	covers 0	#4682B4
#4682B4	-0.220003836992959	28	28	45	covers 0	#4682B4
#4682B4	-0.220003836992959	28	28	46	covers 0	#4682B4
#4682B4	-0.220003836992959	28	28	47	covers 0	#4682B4
#4682B4	-0.220003836992959	28	28	48	covers 0	#4682B4
#4682B4	-0.220003836992959	28	28	49	covers 0	#4682B4
#4682B4	-0.220003836992959	28	28	50	covers 0	#4682B4
#4682B4	0.0265320959174692	29	29	29	covers 0	#4682B4
#4682B4	0.0265320959174692	29	29	30	covers 0	#4682B4
#4682B4	0.0265320959174692	29	29	31	covers 0	#4682B4
#4682B4	0.0265320959174692	29	29	32	covers 0	#4682B4
#4682B4	0.0265320959174692	29	29	33	covers 0	#4682B4
#4682B4	0.0265320959174692	29	29	34	covers 0	#4682B4
#4682B4	0.0265320959174692	29	29	35	covers 0	#4682B4
#4682B4	0.0265320959174692	29	29	36	covers 0	#4682B4
#4682B4	0.0265320959174692	29	29	37	covers 0	#4682B4
#4682B4	0.0265320959174692	29	29	38	covers 0	#4682B4
#4682B4	0.0265320959174692	29	29	39	covers 0	#4682B4
#4682B4	0.0265320959174692	29	29	40	covers 0	#4682B4
#4682B4	0.0265320959174692	29	29	41	covers 0	#4682B4
#4682B4	0.0265320959174692	29	29	42	covers 0	#4682B4
#4682B4	0.0265320959174692	29	29	43	covers 0	#4682B4
#4682B4	0.0265320959174692	29	29	44	covers 0	#4682B4
#4682B4	0.0265320959174692	29	29	45	covers 0	#4682B4
#4682B4	0.0265320959174692	29	29	46	covers 0	#4682B4
#4682B4	0.0265320959174692	29	29	47	covers 0	#4682B4
#4682B4	0.0265320959174692	29	29	48	covers 0	#4682B4
#4682B4	0.0265320959174692	29	29	49	covers 0	#4682B4
#4682B4	0.0265320959174692	29	29	50	covers 0	#4682B4
#FF6347	0.339162360208531	30	30	30	misses 0	#FF6347
#FF6347	0.339162360208531	30	30	31	misses 0	#FF6347
#FF6347	0.339162360208531	30	30	32	misses 0	#FF6347
#FF6347	0.339162360208531	30	30	33	misses 0	#FF6347
#FF6347	0.339162360208531	30	30	34	misses 0	#FF6347
#FF6347	0.339162360208531	30	30	35	misses 0	#FF6347
#FF6347	0.339162360208531	30	30	36	misses 0	#FF6347
#FF6347	0.339162360208531	30	30	37	misses 0	#FF6347
#FF6347	0.339162360208531	30	30	38	misses 0	#FF6347
#FF6347	0.339162360208531	30	30	39	misses 0	#FF6347
#FF6347	0.339162360208531	30	30	40	misses 0	#FF6347
#FF6347	0.339162360208531	30	30	41	misses 0	#FF6347
#FF6347	0.339162360208531	30	30	42	misses 0	#FF6347
#FF6347	0.339162360208531	30	30	43	misses 0	#FF6347
#FF6347	0.339162360208531	30	30	44	misses 0	#FF6347
#FF6347	0.339162360208531	30	30	45	misses 0	#FF6347
#FF6347	0.339162360208531	30	30	46	misses 0	#FF6347
#FF6347	0.339162360208531	30	30	47	misses 0	#FF6347
#FF6347	0.339162360208531	30	30	48	misses 0	#FF6347
#FF6347	0.339162360208531	30	30	49	misses 0	#FF6347
#FF6347	0.339162360208531	30	30	50	misses 0	#FF6347
#4682B4	-6.16991515714529e-05	31	31	31	covers 0	#4682B4
#4682B4	-6.16991515714529e-05	31	31	32	covers 0	#4682B4
#4682B4	-6.16991515714529e-05	31	31	33	covers 0	#4682B4
#4682B4	-6.16991515714529e-05	31	31	34	covers 0	#4682B4
#4682B4	-6.16991515714529e-05	31	31	35	covers 0	#4682B4
#4682B4	-6.16991515714529e-05	31	31	36	covers 0	#4682B4
#4682B4	-6.16991515714529e-05	31	31	37	covers 0	#4682B4
#4682B4	-6.16991515714529e-05	31	31	38	covers 0	#4682B4
#4682B4	-6.16991515714529e-05	31	31	39	covers 0	#4682B4
#4682B4	-6.16991515714529e-05	31	31	40	covers 0	#4682B4
#4682B4	-6.16991515714529e-05	31	31	41	covers 0	#4682B4
#4682B4	-6.16991515714529e-05	31	31	42	covers 0	#4682B4
#4682B4	-6.16991515714529e-05	31	31	43	covers 0	#4682B4
#4682B4	-6.16991515714529e-05	31	31	44	covers 0	#4682B4
#4682B4	-6.16991515714529e-05	31	31	45	covers 0	#4682B4
#4682B4	-6.16991515714529e-05	31	31	46	covers 0	#4682B4
#4682B4	-6.16991515714529e-05	31	31	47	covers 0	#4682B4
#4682B4	-6.16991515714529e-05	31	31	48	covers 0	#4682B4
#4682B4	-6.16991515714529e-05	31	31	49	covers 0	#4682B4
#4682B4	-6.16991515714529e-05	31	31	50	covers 0	#4682B4
#4682B4	-0.0308238194741716	32	32	32	covers 0	#4682B4
#4682B4	-0.0308238194741716	32	32	33	covers 0	#4682B4
#4682B4	-0.0308238194741716	32	32	34	covers 0	#4682B4
#4682B4	-0.0308238194741716	32	32	35	covers 0	#4682B4
#4682B4	-0.0308238194741716	32	32	36	covers 0	#4682B4
#4682B4	-0.0308238194741716	32	32	37	covers 0	#4682B4
#4682B4	-0.0308238194741716	32	32	38	covers 0	#4682B4
#4682B4	-0.0308238194741716	32	32	39	covers 0	#4682B4
#4682B4	-0.0308238194741716	32	32	40	covers 0	#4682B4
#4682B4	-0.0308238194741716	32	32	41	covers 0	#4682B4
#4682B4	-0.0308238194741716	32	32	42	covers 0	#4682B4
#4682B4	-0.0308238194741716	32	32	43	covers 0	#4682B4
#4682B4	-0.0308238194741716	32	32	44	covers 0	#4682B4
#4682B4	-0.0308238194741716	32	32	45	covers 0	#4682B4
#4682B4	-0.0308238194741716	32	32	46	covers 0	#4682B4
#4682B4	-0.0308238194741716	32	32	47	covers 0	#4682B4
#4682B4	-0.0308238194741716	32	32	48	covers 0	#4682B4
#4682B4	-0.0308238194741716	32	32	49	covers 0	#4682B4
#4682B4	-0.0308238194741716	32	32	50	covers 0	#4682B4
#4682B4	0.265371796986278	33	33	33	covers 0	#4682B4
#4682B4	0.265371796986278	33	33	34	covers 0	#4682B4
#4682B4	0.265371796986278	33	33	35	covers 0	#4682B4
#4682B4	0.265371796986278	33	33	36	covers 0	#4682B4
#4682B4	0.265371796986278	33	33	37	covers 0	#4682B4
#4682B4	0.265371796986278	33	33	38	covers 0	#4682B4
#4682B4	0.265371796986278	33	33	39	covers 0	#4682B4
#4682B4	0.265371796986278	33	33	40	covers 0	#4682B4
#4682B4	0.265371796986278	33	33	41	covers 0	#4682B4
#4682B4	0.265371796986278	33	33	42	covers 0	#4682B4
#4682B4	0.265371796986278	33	33	43	covers 0	#4682B4
#4682B4	0.265371796986278	33	33	44	covers 0	#4682B4
#4682B4	0.265371796986278	33	33	45	covers 0	#4682B4
#4682B4	0.265371796986278	33	33	46	covers 0	#4682B4
#4682B4	0.265371796986278	33	33	47	covers 0	#4682B4
#4682B4	0.265371796986278	33	33	48	covers 0	#4682B4
#4682B4	0.265371796986278	33	33	49	covers 0	#4682B4
#4682B4	0.265371796986278	33	33	50	covers 0	#4682B4
#4682B4	-0.0965649559590463	34	34	34	covers 0	#4682B4
#4682B4	-0.0965649559590463	34	34	35	covers 0	#4682B4
#4682B4	-0.0965649559590463	34	34	36	covers 0	#4682B4
#4682B4	-0.0965649559590463	34	34	37	covers 0	#4682B4
#4682B4	-0.0965649559590463	34	34	38	covers 0	#4682B4
#4682B4	-0.0965649559590463	34	34	39	covers 0	#4682B4
#4682B4	-0.0965649559590463	34	34	40	covers 0	#4682B4
#4682B4	-0.0965649559590463	34	34	41	covers 0	#4682B4
#4682B4	-0.0965649559590463	34	34	42	covers 0	#4682B4
#4682B4	-0.0965649559590463	34	34	43	covers 0	#4682B4
#4682B4	-0.0965649559590463	34	34	44	covers 0	#4682B4
#4682B4	-0.0965649559590463	34	34	45	covers 0	#4682B4
#4682B4	-0.0965649559590463	34	34	46	covers 0	#4682B4
#4682B4	-0.0965649559590463	34	34	47	covers 0	#4682B4
#4682B4	-0.0965649559590463	34	34	48	covers 0	#4682B4
#4682B4	-0.0965649559590463	34	34	49	covers 0	#4682B4
#4682B4	-0.0965649559590463	34	34	50	covers 0	#4682B4
#4682B4	-0.135740391552215	35	35	35	covers 0	#4682B4
#4682B4	-0.135740391552215	35	35	36	covers 0	#4682B4
#4682B4	-0.135740391552215	35	35	37	covers 0	#4682B4
#4682B4	-0.135740391552215	35	35	38	covers 0	#4682B4
#4682B4	-0.135740391552215	35	35	39	covers 0	#4682B4
#4682B4	-0.135740391552215	35	35	40	covers 0	#4682B4
#4682B4	-0.135740391552215	35	35	41	covers 0	#4682B4
#4682B4	-0.135740391552215	35	35	42	covers 0	#4682B4
#4682B4	-0.135740391552215	35	35	43	covers 0	#4682B4
#4682B4	-0.135740391552215	35	35	44	covers 0	#4682B4
#4682B4	-0.135740391552215	35	35	45	covers 0	#4682B4
#4682B4	-0.135740391552215	35	35	46	covers 0	#4682B4
#4682B4	-0.135740391552215	35	35	47	covers 0	#4682B4
#4682B4	-0.135740391552215	35	35	48	covers 0	#4682B4
#4682B4	-0.135740391552215	35	35	49	covers 0	#4682B4
#4682B4	-0.135740391552215	35	35	50	covers 0	#4682B4
#4682B4	-0.0863367808908228	36	36	36	covers 0	#4682B4
#4682B4	-0.0863367808908228	36	36	37	covers 0	#4682B4
#4682B4	-0.0863367808908228	36	36	38	covers 0	#4682B4
#4682B4	-0.0863367808908228	36	36	39	covers 0	#4682B4
#4682B4	-0.0863367808908228	36	36	40	covers 0	#4682B4
#4682B4	-0.0863367808908228	36	36	41	covers 0	#4682B4
#4682B4	-0.0863367808908228	36	36	42	covers 0	#4682B4
#4682B4	-0.0863367808908228	36	36	43	covers 0	#4682B4
#4682B4	-0.0863367808908228	36	36	44	covers 0	#4682B4
#4682B4	-0.0863367808908228	36	36	45	covers 0	#4682B4
#4682B4	-0.0863367808908228	36	36	46	covers 0	#4682B4
#4682B4	-0.0863367808908228	36	36	47	covers 0	#4682B4
#4682B4	-0.0863367808908228	36	36	48	covers 0	#4682B4
#4682B4	-0.0863367808908228	36	36	49	covers 0	#4682B4
#4682B4	-0.0863367808908228	36	36	50	covers 0	#4682B4
#4682B4	-0.0724240568290897	37	37	37	covers 0	#4682B4
#4682B4	-0.0724240568290897	37	37	38	covers 0	#4682B4
#4682B4	-0.0724240568290897	37	37	39	covers 0	#4682B4
#4682B4	-0.0724240568290897	37	37	40	covers 0	#4682B4
#4682B4	-0.0724240568290897	37	37	41	covers 0	#4682B4
#4682B4	-0.0724240568290897	37	37	42	covers 0	#4682B4
#4682B4	-0.0724240568290897	37	37	43	covers 0	#4682B4
#4682B4	-0.0724240568290897	37	37	44	covers 0	#4682B4
#4682B4	-0.0724240568290897	37	37	45	covers 0	#4682B4
#4682B4	-0.0724240568290897	37	37	46	covers 0	#4682B4
#4682B4	-0.0724240568290897	37	37	47	covers 0	#4682B4
#4682B4	-0.0724240568290897	37	37	48	covers 0	#4682B4
#4682B4	-0.0724240568290897	37	37	49	covers 0	#4682B4
#4682B4	-0.0724240568290897	37	37	50	covers 0	#4682B4
#4682B4	0.132733563940476	38	38	38	covers 0	#4682B4
#4682B4	0.132733563940476	38	38	39	covers 0	#4682B4
#4682B4	0.132733563940476	38	38	40	covers 0	#4682B4
#4682B4	0.132733563940476	38	38	41	covers 0	#4682B4
#4682B4	0.132733563940476	38	38	42	covers 0	#4682B4
#4682B4	0.132733563940476	38	38	43	covers 0	#4682B4
#4682B4	0.132733563940476	38	38	44	covers 0	#4682B4
#4682B4	0.132733563940476	38	38	45	covers 0	#4682B4
#4682B4	0.132733563940476	38	38	46	covers 0	#4682B4
#4682B4	0.132733563940476	38	38	47	covers 0	#4682B4
#4682B4	0.132733563940476	38	38	48	covers 0	#4682B4
#4682B4	0.132733563940476	38	38	49	covers 0	#4682B4
#4682B4	0.132733563940476	38	38	50	covers 0	#4682B4
#4682B4	0.0453353583598736	39	39	39	covers 0	#4682B4
#4682B4	0.0453353583598736	39	39	40	covers 0	#4682B4
#4682B4	0.0453353583598736	39	39	41	covers 0	#4682B4
#4682B4	0.0453353583598736	39	39	42	covers 0	#4682B4
#4682B4	0.0453353583598736	39	39	43	covers 0	#4682B4
#4682B4	0.0453353583598736	39	39	44	covers 0	#4682B4
#4682B4	0.0453353583598736	39	39	45	covers 0	#4682B4
#4682B4	0.0453353583598736	39	39	46	covers 0	#4682B4
#4682B4	0.0453353583598736	39	39	47	covers 0	#4682B4
#4682B4	0.0453353583598736	39	39	48	covers 0	#4682B4
#4682B4	0.0453353583598736	39	39	49	covers 0	#4682B4
#4682B4	0.0453353583598736	39	39	50	covers 0	#4682B4
#4682B4	-0.0380501952414001	40	40	40	covers 0	#4682B4
#4682B4	-0.0380501952414001	40	40	41	covers 0	#4682B4
#4682B4	-0.0380501952414001	40	40	42	covers 0	#4682B4
#4682B4	-0.0380501952414001	40	40	43	covers 0	#4682B4
#4682B4	-0.0380501952414001	40	40	44	covers 0	#4682B4
#4682B4	-0.0380501952414001	40	40	45	covers 0	#4682B4
#4682B4	-0.0380501952414001	40	40	46	covers 0	#4682B4
#4682B4	-0.0380501952414001	40	40	47	covers 0	#4682B4
#4682B4	-0.0380501952414001	40	40	48	covers 0	#4682B4
#4682B4	-0.0380501952414001	40	40	49	covers 0	#4682B4
#4682B4	-0.0380501952414001	40	40	50	covers 0	#4682B4
#4682B4	0.0859521140376362	41	41	41	covers 0	#4682B4
#4682B4	0.0859521140376362	41	41	42	covers 0	#4682B4
#4682B4	0.0859521140376362	41	41	43	covers 0	#4682B4
#4682B4	0.0859521140376362	41	41	44	covers 0	#4682B4
#4682B4	0.0859521140376362	41	41	45	covers 0	#4682B4
#4682B4	0.0859521140376362	41	41	46	covers 0	#4682B4
#4682B4	0.0859521140376362	41	41	47	covers 0	#4682B4
#4682B4	0.0859521140376362	41	41	48	covers 0	#4682B4
#4682B4	0.0859521140376362	41	41	49	covers 0	#4682B4
#4682B4	0.0859521140376362	41	41	50	covers 0	#4682B4
#4682B4	0.0391591281368243	42	42	42	covers 0	#4682B4
#4682B4	0.0391591281368243	42	42	43	covers 0	#4682B4
#4682B4	0.0391591281368243	42	42	44	covers 0	#4682B4
#4682B4	0.0391591281368243	42	42	45	covers 0	#4682B4
#4682B4	0.0391591281368243	42	42	46	covers 0	#4682B4
#4682B4	0.0391591281368243	42	42	47	covers 0	#4682B4
#4682B4	0.0391591281368243	42	42	48	covers 0	#4682B4
#4682B4	0.0391591281368243	42	42	49	covers 0	#4682B4
#4682B4	0.0391591281368243	42	42	50	covers 0	#4682B4
#4682B4	0.0269793005708162	43	43	43	covers 0	#4682B4
#4682B4	0.0269793005708162	43	43	44	covers 0	#4682B4
#4682B4	0.0269793005708162	43	43	45	covers 0	#4682B4
#4682B4	0.0269793005708162	43	43	46	covers 0	#4682B4
#4682B4	0.0269793005708162	43	43	47	covers 0	#4682B4
#4682B4	0.0269793005708162	43	43	48	covers 0	#4682B4
#4682B4	0.0269793005708162	43	43	49	covers 0	#4682B4
#4682B4	0.0269793005708162	43	43	50	covers 0	#4682B4
#4682B4	0.0958013400813968	44	44	44	covers 0	#4682B4
#4682B4	0.0958013400813968	44	44	45	covers 0	#4682B4
#4682B4	0.0958013400813968	44	44	46	covers 0	#4682B4
#4682B4	0.0958013400813968	44	44	47	covers 0	#4682B4
#4682B4	0.0958013400813968	44	44	48	covers 0	#4682B4
#4682B4	0.0958013400813968	44	44	49	covers 0	#4682B4
#4682B4	0.0958013400813968	44	44	50	covers 0	#4682B4
#4682B4	-0.2187453503239	45	45	45	covers 0	#4682B4
#4682B4	-0.2187453503239	45	45	46	covers 0	#4682B4
#4682B4	-0.2187453503239	45	45	47	covers 0	#4682B4
#4682B4	-0.2187453503239	45	45	48	covers 0	#4682B4
#4682B4	-0.2187453503239	45	45	49	covers 0	#4682B4
#4682B4	-0.2187453503239	45	45	50	covers 0	#4682B4
#4682B4	-0.165292072785756	46	46	46	covers 0	#4682B4
#4682B4	-0.165292072785756	46	46	47	covers 0	#4682B4
#4682B4	-0.165292072785756	46	46	48	covers 0	#4682B4
#4682B4	-0.165292072785756	46	46	49	covers 0	#4682B4
#4682B4	-0.165292072785756	46	46	50	covers 0	#4682B4
#4682B4	-0.122968356614917	47	47	47	covers 0	#4682B4
#4682B4	-0.122968356614917	47	47	48	covers 0	#4682B4
#4682B4	-0.122968356614917	47	47	49	covers 0	#4682B4
#4682B4	-0.122968356614917	47	47	50	covers 0	#4682B4
#4682B4	-0.0237612425033085	48	48	48	covers 0	#4682B4
#4682B4	-0.0237612425033085	48	48	49	covers 0	#4682B4
#4682B4	-0.0237612425033085	48	48	50	covers 0	#4682B4
#4682B4	-0.155628395287622	49	49	49	covers 0	#4682B4
#4682B4	-0.155628395287622	49	49	50	covers 0	#4682B4
#4682B4	0.044639077111417	50	50	50	covers 0	#4682B4
